player_key,player_id,player_name,competition,role,seasons,first_season,last_season,bat_innings,runs,balls,fours,sixes,bat_pp_runs,bat_pp_balls,bat_mid_runs,bat_mid_balls,bat_death_runs,bat_death_balls,sample,strike_rate,runs_per_innings,boundary_pct,bat_pp_sr,bat_mid_sr,bat_death_sr,bowl_innings,runs_conceded,balls_bowled,wickets,bowl_pp_runs,bowl_pp_balls,bowl_mid_runs,bowl_mid_balls,bowl_death_runs,bowl_death_balls,wides,noballs,economy,bowling_sr,wickets_per_innings,wide_rate,noball_rate,bowl_pp_economy,bowl_mid_economy,bowl_death_economy,min_sample,impact_raw,impact_reliability,impact_score,impact_percentile,cluster,profile_type,domestic_player_key,closest_ipl_player,closest_ipl_profile_type,closest_ipl_impact_percentile,similarity_score,distance,sample_percentile,similarity_percentile,scouting_score,scouting_reason
26d76ad9,26d76ad9,Virat Singh,SMA,bat,4,2016,2021,36.0,1236.0,948.0,112.0,40.0,333.0,292.0,605.0,503.0,298.0,153.0,36.0,130.37974683544306,34.333333333333336,16.033755274261605,114.04109589041096,120.27833001988071,194.77124183006535,,,,,,,,,,,,,,,,,,,,,15,0.8799142380915306,0.782608695652174,0.6886285341585892,86.38297872340426,2,Run accumulators,26d76ad9,MEK Hussey,Run accumulators,78.57142857142857,70.84201864992299,0.41159162183344555,96.7741935483871,83.22580645161291,87.15236787920385,"Run accumulators; SR 130.4, RPI 34.3, boundary% 16.0; closest IPL comp: MEK Hussey"
a446c7be,a446c7be,Vivek Singh,SMA,bat,6,2016,2023,42.0,1056.0,775.0,102.0,49.0,595.0,428.0,326.0,262.0,135.0,85.0,42.0,136.25806451612902,25.142857142857142,19.483870967741936,139.01869158878503,124.42748091603053,158.8235294117647,,,,,,,,,,,,,,,,,,,,,15,0.6622946852878684,0.8076923076923077,0.5349303227325091,80.85106382978722,2,Run accumulators,a446c7be,E Lewis,Run accumulators,75.14285714285714,72.53598439552641,0.37862608239680007,99.35483870967742,90.32258064516128,85.99450926561427,"Run accumulators; SR 136.3, RPI 25.1, boundary% 19.5; closest IPL comp: E Lewis"
ebf25cf2,ebf25cf2,Priyank Panchal,SMA,bat,6,2016,2023,35.0,968.0,751.0,101.0,27.0,542.0,416.0,363.0,302.0,63.0,33.0,35.0,128.8948069241012,27.65714285714286,17.0439414114514,130.28846153846155,120.19867549668875,190.9090909090909,,,,,,,,,,,,,,,,,,,,,15,0.5257309963844126,0.7777777777777778,0.40890188607676525,77.02127659574468,2,Run accumulators,ebf25cf2,RG Sharma,Run accumulators,78.85714285714286,72.65399026319591,0.37638689406790465,94.83870967741936,90.96774193548387,83.18050789293068,"Run accumulators; SR 128.9, RPI 27.7, boundary% 17.0; closest IPL comp: RG Sharma"
673314ef,673314ef,Rohan Kadam,SMA,bat,2,2019,2021,25.0,995.0,761.0,112.0,27.0,438.0,362.0,448.0,342.0,109.0,57.0,25.0,130.74901445466492,39.8,18.265440210249672,120.99447513812154,130.99415204678363,191.2280701754386,,,,,,,,,,,,,,,,,,,,,15,1.3063471456844624,0.7142857142857143,0.9331051040603302,95.74468085106383,2,Run accumulators,673314ef,KL Rahul,Run accumulators,96.0,64.21474194443299,0.5572748090544866,68.06451612903226,60.0,82.65648592999314,"Run accumulators; SR 130.7, RPI 39.8, boundary% 18.3; closest IPL comp: KL Rahul"
0494fa6e,0494fa6e,Vishnu Vinod,SMA,bat,5,2018,2023,27.0,768.0,532.0,62.0,39.0,376.0,258.0,253.0,195.0,139.0,79.0,27.0,144.36090225563908,28.444444444444443,18.984962406015036,145.73643410852713,129.74358974358975,175.9493670886076,,,,,,,,,,,,,,,,,,,,,15,0.9920127205825442,0.7297297297297297,0.7239011744791537,88.08510638297872,2,Run accumulators,0494fa6e,A Raghuvanshi,Run accumulators,86.57142857142858,65.5560430374091,0.5254123855970942,75.80645161290323,66.45161290322581,80.83493479752917,"Run accumulators; SR 144.4, RPI 28.4, boundary% 19.0; closest IPL comp: A Raghuvanshi"
acc1aeda,acc1aeda,SP Jackson,SMA,bat,6,2016,2023,37.0,1069.0,822.0,94.0,47.0,216.0,220.0,559.0,426.0,294.0,176.0,37.0,130.04866180048663,28.89189189189189,17.153284671532848,98.18181818181819,131.2206572769953,167.04545454545453,,,,,,,,,,,,,,,,,,,,,15,0.6246030923872562,0.7872340425531915,0.4917088174112442,80.0,2,Run accumulators,acc1aeda,KS Williamson,Run accumulators,70.28571428571428,64.79782509516113,0.5432616735691589,98.06451612903226,63.87096774193548,78.6774193548387,"Run accumulators; SR 130.0, RPI 28.9, boundary% 17.2; closest IPL comp: KS Williamson"
1399b39c,1399b39c,Anmolpreet Singh,SMA,bat,5,2018,2023,33.0,954.0,678.0,85.0,37.0,201.0,177.0,498.0,384.0,255.0,117.0,33.0,140.7079646017699,28.90909090909091,17.99410029498525,113.55932203389831,129.6875,217.94871794871793,,,,,,,,,,,,,,,,,,,,,15,0.8914893090644584,0.7674418604651163,0.684166213933189,85.95744680851064,2,Run accumulators,1399b39c,Q de Kock,Run accumulators,85.42857142857143,61.92871899350711,0.6147597047903486,90.96774193548387,52.25806451612903,78.28414550446122,"Run accumulators; SR 140.7, RPI 28.9, boundary% 18.0; closest IPL comp: Q de Kock"
663b5e34,663b5e34,PN Mankad,SMA,bat,6,2016,2024,29.0,681.0,478.0,68.0,24.0,80.0,57.0,382.0,300.0,219.0,121.0,29.0,142.46861924686192,23.482758620689655,19.246861924686193,140.35087719298244,127.33333333333334,180.99173553719007,,,,,,,,,,,,,,,,,,,,,15,0.6876070554262865,0.7435897435897436,0.5112975540349309,80.42553191489363,2,Run accumulators,663b5e34,MP Stoinis,Run accumulators,78.28571428571428,66.0816442374349,0.5132795370631915,81.29032258064515,70.3225806451613,78.02951269732327,"Run accumulators; SR 142.5, RPI 23.5, boundary% 19.2; closest IPL comp: MP Stoinis"
34819e70,34819e70,Samarth Vyas,SMA,bat,4,2019,2023,22.0,512.0,352.0,45.0,30.0,162.0,117.0,270.0,191.0,80.0,44.0,22.0,145.45454545454547,23.272727272727273,21.306818181818183,138.46153846153845,141.36125654450262,181.8181818181818,,,,,,,,,,,,,,,,,,,,,15,0.8422885029985366,0.6875,0.5790733458114938,82.12765957446808,2,Run accumulators,34819e70,Abishek Porel,Run accumulators,77.71428571428571,70.21460884403699,0.4242050428867774,55.80645161290323,81.29032258064515,77.97014413177763,"Run accumulators; SR 145.5, RPI 23.3, boundary% 21.3; closest IPL comp: Abishek Porel"
f079e8fe,f079e8fe,Jay Bista,SMA,bat,3,2018,2021,26.0,820.0,589.0,98.0,25.0,516.0,378.0,251.0,188.0,53.0,23.0,26.0,139.21901528013584,31.53846153846154,20.882852292020374,136.5079365079365,133.51063829787233,230.43478260869566,,,,,,,,,,,,,,,,,,,,,15,1.1531427781397443,0.7222222222222222,0.832825339767593,92.34042553191489,2,Run accumulators,f079e8fe,HM Amla,Run accumulators,87.14285714285714,60.49207478584354,0.6531091114666506,71.61290322580646,46.45161290322581,77.75909402882635,"Run accumulators; SR 139.2, RPI 31.5, boundary% 20.9; closest IPL comp: HM Amla"
62e07f92,62e07f92,KH Devdhar,SMA,bat,4,2016,2021,45.0,1432.0,1175.0,165.0,31.0,777.0,660.0,499.0,430.0,156.0,85.0,45.0,121.87234042553192,31.822222222222223,16.680851063829788,117.72727272727272,116.04651162790698,183.52941176470588,,,,,,,,,,,,,,,,,,,,,15,0.5934579914779864,0.8181818181818182,0.4855565384819888,79.57446808510639,2,Run accumulators,62e07f92,MEK Hussey,Run accumulators,78.57142857142857,64.18217826108243,0.558064913179117,100.0,59.354838709677416,77.58339052848319,"Run accumulators; SR 121.9, RPI 31.8, boundary% 16.7; closest IPL comp: MEK Hussey"
adf454e9,adf454e9,Rahul Singh,SMA,bat,4,2018,2023,24.0,613.0,407.0,66.0,22.0,260.0,160.0,275.0,207.0,78.0,40.0,24.0,150.61425061425064,25.541666666666668,21.62162162162162,162.5,132.8502415458937,195.0,,,,,,,,,,,,,,,,,,,,,15,1.0934544624491696,0.7058823529411765,0.771850208787649,89.7872340425532,2,Run accumulators,adf454e9,C Green,Run accumulators,86.28571428571429,61.47913889769068,0.6265680000237651,64.51612903225806,50.32258064516129,76.13040494166094,"Run accumulators; SR 150.6, RPI 25.5, boundary% 21.6; closest IPL comp: C Green"
e6e9b619,e6e9b619,Tanmay Agarwal,SMA,bat,6,2016,2023,36.0,925.0,747.0,96.0,22.0,569.0,477.0,311.0,246.0,45.0,24.0,36.0,123.82864792503348,25.694444444444443,15.796519410977242,119.28721174004193,126.42276422764228,187.5,,,,,,,,,,,,,,,,,,,,,15,0.246674615047937,0.782608695652174,0.19304969873316805,62.5531914893617,2,Run accumulators,e6e9b619,M Vijay,Run accumulators,61.42857142857143,73.3637788853213,0.36307046228241807,96.7741935483871,93.54838709677419,75.43514070006863,"Run accumulators; SR 123.8, RPI 25.7, boundary% 15.8; closest IPL comp: M Vijay"
b63e358a,b63e358a,RK Bhui,SMA,bat,5,2018,2023,28.0,926.0,600.0,52.0,62.0,78.0,88.0,470.0,353.0,378.0,159.0,28.0,154.33333333333331,33.07142857142857,19.0,88.63636363636364,133.1444759206799,237.73584905660377,,,,,,,,,,,,,,,,,,,,,15,1.4610834400884478,0.7368421052631579,1.0765877979599088,98.29787234042553,2,Run accumulators,b63e358a,AB de Villiers,Run accumulators,94.0,51.02435686067576,0.959848318579583,78.70967741935485,13.548387096774196,74.17227179135209,"Run accumulators; SR 154.3, RPI 33.1, boundary% 19.0; closest IPL comp: AB de Villiers"
c6272773,c6272773,Shivam Chauhan,SMA,bat,3,2018,2021,22.0,627.0,509.0,69.0,12.0,162.0,134.0,400.0,326.0,65.0,49.0,22.0,123.1827111984283,28.5,15.913555992141454,120.89552238805969,122.69938650306749,132.6530612244898,,,,,,,,,,,,,,,,,,,,,15,0.3961761307114715,0.6875,0.2723710898641366,67.65957446808511,3,Balanced batting group,c6272773,G Gambhir,Run accumulators,72.28571428571429,75.12647499861318,0.3310886741570929,55.80645161290323,94.83870967741936,72.67638984214139,"Balanced batting group; SR 123.2, RPI 28.5, boundary% 15.9; closest IPL comp: G Gambhir"
28c78fb3,28c78fb3,Harpreet Singh,SMA,bat,7,2016,2024,34.0,1181.0,899.0,102.0,42.0,222.0,230.0,691.0,548.0,268.0,121.0,34.0,131.36818687430477,34.73529411764706,16.017797552836484,96.52173913043478,126.09489051094891,221.48760330578514,,,,,,,,,,,,,,,,,,,,,15,0.9223544717567459,0.7727272727272727,0.7127284554483945,87.2340425531915,2,Run accumulators,28c78fb3,MEK Hussey,Run accumulators,78.57142857142857,52.90038829711898,0.8903452927101883,92.90322580645162,20.0,71.27590940288263,"Run accumulators; SR 131.4, RPI 34.7, boundary% 16.0; closest IPL comp: MEK Hussey"
5708d0b6,5708d0b6,AV Wankhade,SMA,bat,6,2016,2024,32.0,835.0,612.0,45.0,40.0,18.0,21.0,371.0,324.0,446.0,267.0,32.0,136.43790849673204,26.09375,13.88888888888889,85.71428571428571,114.50617283950618,167.04119850187266,,,,,,,,,,,,,,,,,,,,,15,0.43733064606392924,0.7619047619047619,0.33320430176299365,71.06382978723404,3,Balanced batting group,5708d0b6,A Symonds,Balanced batting group,68.85714285714286,63.287964428249055,0.5800792599890328,87.74193548387098,56.12903225806451,69.8318462594372,"Balanced batting group; SR 136.4, RPI 26.1, boundary% 13.9; closest IPL comp: A Symonds"
f9f21866,f9f21866,Pratham Singh,SMA,bat,4,2019,2023,32.0,877.0,686.0,91.0,25.0,443.0,384.0,355.0,263.0,79.0,39.0,32.0,127.84256559766764,27.40625,16.909620991253643,115.36458333333333,134.9809885931559,202.56410256410254,,,,,,,,,,,,,,,,,,,,,15,0.48284026022622384,0.7619047619047619,0.3678782935056943,72.76595744680851,2,Run accumulators,f9f21866,SS Iyer,Run accumulators,83.71428571428572,61.65822435846352,0.6218436557405257,87.74193548387098,50.967741935483865,69.56280027453671,"Run accumulators; SR 127.8, RPI 27.4, boundary% 16.9; closest IPL comp: SS Iyer"
dded65e7,dded65e7,IR Jaggi,SMA,bat,4,2016,2021,19.0,596.0,418.0,68.0,14.0,113.0,92.0,355.0,235.0,128.0,91.0,19.0,142.58373205741626,31.36842105263158,19.617224880382775,122.82608695652173,151.06382978723406,140.65934065934067,,,,,,,,,,,,,,,,,,,,,15,1.1503919324473184,0.6551724137931034,0.7537050591896223,89.36170212765957,2,Run accumulators,dded65e7,DR Smith,Run accumulators,84.0,59.94597494525847,0.6681687151025252,32.903225806451616,43.225806451612904,69.35895676046671,"Run accumulators; SR 142.6, RPI 31.4, boundary% 19.6; closest IPL comp: DR Smith"
9c20688d,9c20688d,Shashank Chandrakar,SMA,bat,4,2018,2023,27.0,614.0,450.0,60.0,25.0,392.0,293.0,204.0,142.0,18.0,15.0,27.0,136.44444444444443,22.74074074074074,18.88888888888889,133.78839590443684,143.66197183098592,120.0,,,,,,,,,,,,,,,,,,,,,15,0.5016640858743359,0.7297297297297297,0.366079197800191,72.3404255319149,2,Run accumulators,9c20688d,JR Hopes,Run accumulators,66.57142857142857,63.37146361030689,0.5779973240784635,75.80645161290323,56.774193548387096,68.9687714481812,"Run accumulators; SR 136.4, RPI 22.7, boundary% 18.9; closest IPL comp: JR Hopes"
b11d8647,b11d8647,Ashwin Hebbar,SMA,bat,6,2016,2023,35.0,934.0,734.0,95.0,34.0,539.0,398.0,355.0,316.0,40.0,20.0,35.0,127.24795640326975,26.685714285714287,17.574931880108995,135.42713567839195,112.34177215189874,200.0,,,,,,,,,,,,,,,,,,,,,15,0.46354356426786136,0.7777777777777778,0.3605338833194477,71.48936170212767,2,Run accumulators,b11d8647,RG Sharma,Run accumulators,78.85714285714286,60.173872587739886,0.6618508282675242,94.83870967741936,44.516129032258064,68.24845573095402,"Run accumulators; SR 127.2, RPI 26.7, boundary% 17.6; closest IPL comp: RG Sharma"
cf59b3f0,cf59b3f0,Urvil Patel,SMA,bat,5,2018,2023,31.0,611.0,401.0,84.0,16.0,416.0,261.0,185.0,130.0,10.0,10.0,31.0,152.36907730673317,19.70967741935484,24.93765586034913,159.3869731800766,142.30769230769232,100.0,,,,,,,,,,,,,,,,,,,,,15,0.9707208698068457,0.7560975609756098,0.7339596820490784,88.51063829787233,0,High-impact power hitters,cf59b3f0,PP Shaw,High-impact power hitters,88.28571428571429,43.25141064109164,1.312063318115075,84.83870967741936,5.806451612903226,67.28380233356211,"High-impact power hitters; SR 152.4, RPI 19.7, boundary% 24.9; closest IPL comp: PP Shaw"
74bace71,74bace71,Hiten Dalal,SMA,bat,3,2019,2022,23.0,516.0,363.0,50.0,32.0,315.0,245.0,201.0,118.0,0.0,0.0,23.0,142.1487603305785,22.434782608695652,22.58953168044077,128.57142857142858,170.33898305084745,,,,,,,,,,,,,,,,,,,,,,15,0.7906756244956619,0.696969696969697,0.5510769504060673,81.27659574468085,2,Run accumulators,74bace71,ST Jayasuriya,Run accumulators,84.57142857142857,57.876705476529715,0.727810855449473,60.0,36.12903225806451,66.79821551132463,"Run accumulators; SR 142.1, RPI 22.4, boundary% 22.6; closest IPL comp: ST Jayasuriya"
310bddc0,310bddc0,Punit Bisht,SMA,bat,2,2019,2021,20.0,487.0,305.0,52.0,23.0,143.0,109.0,208.0,143.0,136.0,53.0,20.0,159.67213114754097,24.35,24.59016393442623,131.1926605504587,145.45454545454547,256.60377358490564,,,,,,,,,,,,,,,,,,,,,15,1.3662850373166724,0.6666666666666666,0.9108566915444481,95.31914893617022,2,Run accumulators,310bddc0,R Ravindra,Run accumulators,72.0,44.19282918103716,1.2628105476195517,40.96774193548387,9.032258064516128,65.59471516815374,"Run accumulators; SR 159.7, RPI 24.4, boundary% 24.6; closest IPL comp: R Ravindra"
10b58586,10b58586,AR Easwaran,SMA,bat,3,2019,2023,20.0,569.0,439.0,48.0,15.0,163.0,140.0,333.0,253.0,73.0,46.0,20.0,129.6127562642369,28.45,14.350797266514807,116.42857142857143,131.62055335968378,158.69565217391303,,,,,,,,,,,,,,,,,,,,,15,0.44945838461470766,0.6666666666666666,0.2996389230764717,68.93617021276596,2,Run accumulators,10b58586,KS Williamson,Run accumulators,70.28571428571428,66.2411920203698,0.5096346691534331,40.96774193548387,72.25806451612902,65.57137954701442,"Run accumulators; SR 129.6, RPI 28.4, boundary% 14.4; closest IPL comp: KS Williamson"
01ada0ed,01ada0ed,A Nagwaswalla,SMA,bowl,4,2019,2023,,,,,,,,,,,,26.0,,,,,,,26.0,641.0,543.0,36.0,298.0,294.0,110.0,84.0,233.0,165.0,27.0,3.0,7.082872928176796,15.083333333333334,1.3846153846153846,0.2983425414364641,0.03314917127071823,6.081632653061225,7.857142857142858,8.472727272727273,15,0.8101329768667831,0.7222222222222222,0.5850960388482322,87.06467661691542,0,High-impact strike/control bowlers,01ada0ed,SL Malinga,High-impact strike/control bowlers,99.66887417218543,65.21241758238324,0.5334502799818667,75.81967213114754,94.26229508196722,87.17733056031318,"High-impact strike/control bowlers; economy 7.08, bowling SR 15.1, WPI 1.38; closest IPL comp: SL Malinga"
09a71776,09a71776,Satyajeet Bachhav,SMA,bowl,4,2016,2021,,,,,,,,,,,,34.0,,,,,,,34.0,864.0,786.0,41.0,196.0,180.0,541.0,504.0,127.0,102.0,18.0,1.0,6.595419847328245,19.170731707317074,1.2058823529411764,0.13740458015267176,0.0076335877862595426,6.533333333333333,6.44047619047619,7.470588235294118,15,0.6760705001709706,0.7727272727272727,0.5224181137684772,85.57213930348259,0,High-impact strike/control bowlers,09a71776,SP Narine,High-impact strike/control bowlers,98.01324503311258,57.84379120451834,0.7287940143209133,94.26229508196722,77.8688524590164,84.94984095913873,"High-impact strike/control bowlers; economy 6.60, bowling SR 19.2, WPI 1.21; closest IPL comp: SP Narine"
9d704f6f,9d704f6f,SZ Mulani,SMA,bowl,5,2018,2023,,,,,,,,,,,,31.0,,,,,,,31.0,731.0,679.0,35.0,237.0,222.0,448.0,421.0,46.0,36.0,17.0,0.0,6.459499263622975,19.4,1.1290322580645162,0.15022091310751107,0.0,6.405405405405405,6.38479809976247,7.666666666666666,15,0.6451508672826184,0.7560975609756098,0.4877969972136871,84.5771144278607,0,High-impact strike/control bowlers,9d704f6f,SP Narine,High-impact strike/control bowlers,98.01324503311258,59.00919192194841,0.6946512355612364,90.1639344262295,81.9672131147541,84.76266209933937,"High-impact strike/control bowlers; economy 6.46, bowling SR 19.4, WPI 1.13; closest IPL comp: SP Narine"
bee290b6,bee290b6,Suboth Bhati,SMA,bowl,4,2016,2021,,,,,,,,,,,,33.0,,,,,,,33.0,903.0,709.0,43.0,166.0,144.0,278.0,252.0,459.0,313.0,18.0,1.0,7.6417489421720735,16.488372093023255,1.303030303030303,0.15232722143864597,0.00846262341325811,6.916666666666666,6.6190476190476195,8.798722044728436,15,0.38471053642326936,0.7674418604651163,0.29524296981320675,71.64179104477611,0,High-impact strike/control bowlers,bee290b6,Azhar Mahmood,High-impact strike/control bowlers,88.41059602649007,65.27687891868362,0.5319359880022984,92.62295081967213,95.08196721311475,80.64900905309517,"High-impact strike/control bowlers; economy 7.64, bowling SR 16.5, WPI 1.30; closest IPL comp: Azhar Mahmood"
d4b8ea98,d4b8ea98,Sayan Ghosh,SMA,bowl,4,2018,2024,,,,,,,,,,,,25.0,,,,,,,25.0,662.0,534.0,32.0,124.0,114.0,225.0,192.0,313.0,228.0,27.0,1.0,7.438202247191011,16.6875,1.28,0.3033707865168539,0.011235955056179775,6.526315789473685,7.03125,8.236842105263158,15,0.4499220417462203,0.7142857142857143,0.321372886961586,73.6318407960199,0,High-impact strike/control bowlers,d4b8ea98,KK Cooper,High-impact strike/control bowlers,91.72185430463577,62.991760489910334,0.5875092110819388,71.31147540983606,89.34426229508196,77.21189136285784,"High-impact strike/control bowlers; economy 7.44, bowling SR 16.7, WPI 1.28; closest IPL comp: KK Cooper"
7b5b6311,7b5b6311,CV Milind,SMA,bowl,5,2016,2023,,,,,,,,,,,,31.0,,,,,,,31.0,871.0,667.0,40.0,332.0,282.0,133.0,126.0,406.0,259.0,18.0,1.0,7.835082458770614,16.675,1.2903225806451613,0.16191904047976013,0.008995502248875561,7.063829787234042,6.333333333333334,9.405405405405405,15,0.2676525250683195,0.7560975609756098,0.20237142139311964,63.681592039801,0,High-impact strike/control bowlers,7b5b6311,Azhar Mahmood,High-impact strike/control bowlers,88.41059602649007,72.43381040807853,0.3805707505461707,90.1639344262295,99.18032786885246,76.52862735502814,"High-impact strike/control bowlers; economy 7.84, bowling SR 16.7, WPI 1.29; closest IPL comp: Azhar Mahmood"
d3611425,d3611425,LI Meriwala,SMA,bowl,6,2018,2024,,,,,,,,,,,,40.0,,,,,,,40.0,999.0,830.0,62.0,362.0,348.0,216.0,180.0,421.0,302.0,10.0,0.0,7.2216867469879515,13.387096774193548,1.55,0.07228915662650603,0.0,6.241379310344827,7.199999999999999,8.364238410596027,15,1.0015108644445438,0.8,0.8012086915556351,94.5273631840796,0,High-impact strike/control bowlers,d3611425,AD Mascarenhas,High-impact strike/control bowlers,97.35099337748345,40.82571702289558,1.4494364653514529,97.95081967213115,16.39344262295082,75.50740151700514,"High-impact strike/control bowlers; economy 7.22, bowling SR 13.4, WPI 1.55; closest IPL comp: AD Mascarenhas"
18e6906e,18e6906e,A Choudhary,SMA,bowl,4,2018,2022,,,,,,,,,,,,25.0,,,,,,,25.0,565.0,510.0,30.0,250.0,270.0,36.0,36.0,279.0,204.0,13.0,1.0,6.647058823529412,17.0,1.2,0.15294117647058825,0.011764705882352941,5.555555555555555,6.0,8.205882352941178,15,0.7332764079655123,0.7142857142857143,0.5237688628325088,86.06965174129353,0,High-impact strike/control bowlers,18e6906e,A Kumble,High-impact strike/control bowlers,97.68211920529801,51.360324014546045,0.9470282152363064,71.31147540983606,46.72131147540984,74.01884022510399,"High-impact strike/control bowlers; economy 6.65, bowling SR 17.0, WPI 1.20; closest IPL comp: A Kumble"
3bc10d5b,3bc10d5b,Pankaj Jaswal,SMA,bowl,5,2016,2022,,,,,,,,,,,,30.0,,,,,,,30.0,717.0,559.0,43.0,272.0,201.0,207.0,180.0,238.0,178.0,13.0,1.0,7.695885509838998,13.0,1.4333333333333333,0.13953488372093023,0.010733452593917711,8.119402985074627,6.8999999999999995,8.022471910112358,15,0.6510807208832897,0.75,0.48831054066246726,85.07462686567165,0,High-impact strike/control bowlers,3bc10d5b,Imran Tahir,High-impact strike/control bowlers,99.00662251655629,49.73635824043046,1.0106015707179472,86.88524590163934,39.34426229508197,73.91362857841938,"High-impact strike/control bowlers; economy 7.70, bowling SR 13.0, WPI 1.43; closest IPL comp: Imran Tahir"
e1e7f950,e1e7f950,Akshay Karnewar,SMA,bowl,5,2016,2022,,,,,,,,,,,,43.0,,,,,,,43.0,820.0,849.0,43.0,137.0,114.0,543.0,612.0,140.0,123.0,22.0,0.0,5.795053003533569,19.74418604651163,1.0,0.15547703180212014,0.0,7.2105263157894735,5.323529411764706,6.829268292682927,15,0.8088341988583703,0.8113207547169812,0.6562239726586778,90.04975124378109,0,High-impact strike/control bowlers,e1e7f950,SP Narine,High-impact strike/control bowlers,98.01324503311258,42.01866007179494,1.3798950235237293,99.18032786885246,18.852459016393443,73.62001468069488,"High-impact strike/control bowlers; economy 5.80, bowling SR 19.7, WPI 1.00; closest IPL comp: SP Narine"
4312e8f9,4312e8f9,A Sheth,SMA,bowl,7,2016,2024,,,,,,,,,,,,44.0,,,,,,,44.0,1145.0,888.0,59.0,492.0,420.0,228.0,183.0,425.0,285.0,14.0,0.0,7.736486486486486,15.05084745762712,1.3409090909090908,0.09459459459459459,0.0,7.0285714285714285,7.475409836065574,8.947368421052632,15,0.4408191601189477,0.8148148148148148,0.3591859823191425,75.62189054726367,0,High-impact strike/control bowlers,4312e8f9,CV Varun,High-impact strike/control bowlers,94.70198675496688,52.47487912663432,0.9056737559828637,100.0,50.81967213114754,73.0780523611451,"High-impact strike/control bowlers; economy 7.74, bowling SR 15.1, WPI 1.34; closest IPL comp: CV Varun"
cd8d2859,cd8d2859,DG Nalkande,SMA,bowl,4,2019,2024,,,,,,,,,,,,26.0,,,,,,,26.0,659.0,514.0,45.0,363.0,276.0,132.0,112.0,164.0,126.0,36.0,2.0,7.692607003891052,11.422222222222222,1.7307692307692308,0.42023346303501946,0.023346303501945526,7.891304347826088,7.071428571428571,7.80952380952381,15,1.058723264726887,0.7222222222222222,0.7646334689694183,94.02985074626866,0,High-impact strike/control bowlers,cd8d2859,CRD Fernando,High-impact strike/control bowlers,96.68874172185431,40.81290475800227,1.450205409121065,75.81967213114754,15.573770491803279,71.68430389038414,"High-impact strike/control bowlers; economy 7.69, bowling SR 11.4, WPI 1.73; closest IPL comp: CRD Fernando"
0c0ef3fb,0c0ef3fb,Baltej Singh,SMA,bowl,6,2016,2023,,,,,,,,,,,,27.0,,,,,,,27.0,757.0,597.0,36.0,295.0,234.0,195.0,180.0,267.0,183.0,11.0,2.0,7.608040201005025,16.583333333333332,1.3333333333333333,0.11055276381909548,0.020100502512562814,7.564102564102564,6.5,8.754098360655739,15,0.43209146823657996,0.7297297297297297,0.31530999033480156,72.636815920398,0,High-impact strike/control bowlers,0c0ef3fb,Azhar Mahmood,High-impact strike/control bowlers,88.41059602649007,55.42926501250367,0.8041011364203029,79.50819672131148,62.295081967213115,71.08208955223881,"High-impact strike/control bowlers; economy 7.61, bowling SR 16.6, WPI 1.33; closest IPL comp: Azhar Mahmood"
a457cfb5,a457cfb5,Mayank Dagar,SMA,bowl,4,2018,2022,,,,,,,,,,,,30.0,,,,,,,30.0,605.0,641.0,31.0,48.0,54.0,447.0,484.0,110.0,103.0,5.0,0.0,5.663026521060843,20.677419354838708,1.0333333333333334,0.046801872074883,0.0,5.333333333333333,5.541322314049586,6.407766990291262,15,0.8734284929936508,0.75,0.655071369745238,89.55223880597015,0,High-impact strike/control bowlers,a457cfb5,A Chandila,High-impact strike/control bowlers,86.42384105960265,41.79458832099058,1.392654264996715,86.88524590163934,17.21311475409836,71.06740885735258,"High-impact strike/control bowlers; economy 5.66, bowling SR 20.7, WPI 1.03; closest IPL comp: A Chandila"
7c30f4d0,7c30f4d0,Rahil Shah,SMA,bowl,4,2016,2021,,,,,,,,,,,,18.0,,,,,,,18.0,361.0,361.0,18.0,77.0,90.0,227.0,222.0,57.0,49.0,8.0,0.0,6.0,20.055555555555557,1.0,0.1329639889196676,0.0,5.133333333333333,6.135135135135135,6.979591836734693,15,0.6955260868176409,0.6428571428571429,0.44712391295419784,81.09452736318407,0,High-impact strike/control bowlers,7c30f4d0,A Kumble,High-impact strike/control bowlers,97.68211920529801,56.04722812891056,0.7842095557338989,33.19672131147541,67.21311475409836,70.43950330315634,"High-impact strike/control bowlers; economy 6.00, bowling SR 20.1, WPI 1.00; closest IPL comp: A Kumble"
4948a916,4948a916,Ashutosh Aman,SMA,bowl,3,2019,2022,,,,,,,,,,,,23.0,,,,,,,23.0,477.0,474.0,27.0,67.0,60.0,350.0,354.0,60.0,60.0,6.0,1.0,6.037974683544304,17.555555555555557,1.173913043478261,0.0759493670886076,0.012658227848101264,6.7,5.932203389830509,6.0,15,0.9791917867718232,0.696969696969697,0.6824670029015738,92.03980099502488,0,High-impact strike/control bowlers,4948a916,SP Narine,High-impact strike/control bowlers,98.01324503311258,43.824352546957165,1.2818363350114856,61.47540983606557,23.770491803278688,70.38781502324443,"High-impact strike/control bowlers; economy 6.04, bowling SR 17.6, WPI 1.17; closest IPL comp: SP Narine"
cb4f31e2,cb4f31e2,Bandaru Ayyappa,SMA,bowl,4,2016,2022,,,,,,,,,,,,23.0,,,,,,,23.0,657.0,513.0,29.0,310.0,264.0,89.0,70.0,258.0,179.0,14.0,1.0,7.684210526315789,17.689655172413794,1.2608695652173914,0.16374269005847952,0.011695906432748537,7.045454545454546,7.628571428571428,8.648044692737429,15,0.2661265386520026,0.696969696969697,0.18548213299988064,61.19402985074627,0,High-impact strike/control bowlers,cb4f31e2,A Nehra,High-impact strike/control bowlers,93.37748344370861,65.95224862867379,0.5162485294932524,61.47540983606557,95.90163934426229,69.91313922192317,"High-impact strike/control bowlers; economy 7.68, bowling SR 17.7, WPI 1.26; closest IPL comp: A Nehra"
48bf9d5c,48bf9d5c,Cheepurapalli Stephen,SMA,bowl,4,2016,2023,,,,,,,,,,,,22.0,,,,,,,22.0,504.0,487.0,42.0,247.0,252.0,23.0,48.0,234.0,187.0,17.0,3.0,6.209445585215606,11.595238095238095,1.9090909090909092,0.20944558521560575,0.03696098562628337,5.8809523809523805,2.875,7.508021390374331,15,1.983451143965656,0.6875,1.3636226614763884,100.0,0,High-impact strike/control bowlers,48bf9d5c,Sohail Tanvir,High-impact strike/control bowlers,100.0,30.618865284828306,2.2659603505800114,58.19672131147541,2.459016393442623,69.34426229508196,"High-impact strike/control bowlers; economy 6.21, bowling SR 11.6, WPI 1.91; closest IPL comp: Sohail Tanvir"
fdf7491e,fdf7491e,IC Porel,SMA,bowl,3,2019,2023,,,,,,,,,,,,21.0,,,,,,,21.0,495.0,456.0,26.0,258.0,270.0,44.0,36.0,193.0,150.0,13.0,2.0,6.5131578947368425,17.53846153846154,1.2380952380952381,0.17105263157894735,0.02631578947368421,5.733333333333333,7.333333333333334,7.72,15,0.8204873450236043,0.6774193548387096,0.5558140079192158,86.56716417910447,0,High-impact strike/control bowlers,fdf7491e,A Kumble,High-impact strike/control bowlers,97.68211920529801,49.33696511768376,1.0268778138555827,54.50819672131148,36.885245901639344,69.33783949106923,"High-impact strike/control bowlers; economy 6.51, bowling SR 17.5, WPI 1.24; closest IPL comp: A Kumble"
31ee319e,31ee319e,Ajay Mandal,SMA,bowl,5,2018,2023,,,,,,,,,,,,26.0,,,,,,,26.0,589.0,504.0,26.0,108.0,96.0,377.0,342.0,104.0,66.0,11.0,0.0,7.011904761904763,19.384615384615383,1.0,0.13095238095238093,0.0,6.75,6.614035087719298,9.454545454545453,15,0.22689933959538647,0.7222222222222222,0.1638717452633347,60.19900497512438,0,High-impact strike/control bowlers,31ee319e,A Mishra,High-impact strike/control bowlers,95.36423841059603,60.76127506905989,0.6457850808157378,75.81967213114754,85.24590163934425,68.80382921458282,"High-impact strike/control bowlers; economy 7.01, bowling SR 19.4, WPI 1.00; closest IPL comp: A Mishra"
5f39537c,5f39537c,Ravi Teja,SMA,bowl,5,2018,2023,,,,,,,,,,,,20.0,,,,,,,20.0,522.0,413.0,28.0,127.0,108.0,255.0,204.0,140.0,101.0,12.0,1.0,7.583535108958838,14.75,1.4,0.17433414043583537,0.014527845036319613,7.055555555555555,7.5,8.316831683168317,15,0.5959714116316148,0.6666666666666666,0.3973142744210766,79.60199004975125,0,High-impact strike/control bowlers,5f39537c,A Nehra,High-impact strike/control bowlers,93.37748344370861,52.88223447101781,0.8909942251930588,47.13114754098361,53.278688524590166,68.15053829214582,"High-impact strike/control bowlers; economy 7.58, bowling SR 14.8, WPI 1.40; closest IPL comp: A Nehra"
8998a68f,8998a68f,Sumit Kumar,SMA,bowl,4,2019,2023,,,,,,,,,,,,30.0,,,,,,,30.0,623.0,506.0,36.0,140.0,144.0,288.0,252.0,195.0,110.0,6.0,3.0,7.387351778656127,14.055555555555555,1.2,0.07114624505928853,0.035573122529644265,5.833333333333333,6.857142857142857,10.636363636363637,15,0.4913456371181801,0.75,0.36850922783863505,76.61691542288557,0,High-impact strike/control bowlers,8998a68f,MM Patel,High-impact strike/control bowlers,96.35761589403974,48.903740623927916,1.0448333547530597,86.88524590163934,36.0655737704918,68.01932958160019,"High-impact strike/control bowlers; economy 7.39, bowling SR 14.1, WPI 1.20; closest IPL comp: MM Patel"
077da288,077da288,CP Singh,SMA,bowl,4,2016,2021,,,,,,,,,,,,20.0,,,,,,,20.0,431.0,384.0,21.0,0.0,0.0,408.0,366.0,23.0,18.0,11.0,0.0,6.734375,18.285714285714285,1.05,0.171875,0.0,,6.688524590163934,7.666666666666666,15,0.46553730080907413,0.6666666666666666,0.3103582005393828,72.13930348258707,0,High-impact strike/control bowlers,077da288,SP Narine,High-impact strike/control bowlers,98.01324503311258,56.24267720883508,0.7780092442735128,47.13114754098361,68.85245901639344,67.56636897479814,"High-impact strike/control bowlers; economy 6.73, bowling SR 18.3, WPI 1.05; closest IPL comp: SP Narine"
911d04ad,911d04ad,Gurinder Singh,SMA,bowl,4,2016,2021,,,,,,,,,,,,28.0,,,,,,,28.0,722.0,612.0,29.0,49.0,36.0,525.0,468.0,148.0,108.0,19.0,0.0,7.078431372549019,21.103448275862068,1.0357142857142858,0.18627450980392157,0.0,8.166666666666668,6.730769230769231,8.222222222222223,15,0.16454819338953725,0.7368421052631579,0.12124603723439589,57.2139303482587,0,High-impact strike/control bowlers,911d04ad,PP Ojha,High-impact strike/control bowlers,88.0794701986755,59.45371870836908,0.6819805753533692,81.9672131147541,82.78688524590164,67.32016148764373,"High-impact strike/control bowlers; economy 7.08, bowling SR 21.1, WPI 1.04; closest IPL comp: PP Ojha"
8254ea06,8254ea06,HP Patel,SMA,bowl,4,2016,2022,,,,,,,,,,,,26.0,,,,,,,26.0,603.0,547.0,30.0,104.0,114.0,453.0,391.0,46.0,42.0,26.0,0.0,6.614259597806216,18.233333333333334,1.1538461538461537,0.28519195612431447,0.0,5.473684210526315,6.951406649616368,6.571428571428572,15,0.6457009548062711,0.7222222222222222,0.4663395784711958,82.58706467661692,0,High-impact strike/control bowlers,8254ea06,DW Steyn,High-impact strike/control bowlers,95.03311258278146,45.17338265188195,1.2136929786867299,75.81967213114754,25.40983606557377,67.27764864203571,"High-impact strike/control bowlers; economy 6.61, bowling SR 18.2, WPI 1.15; closest IPL comp: DW Steyn"
